-- tests/fixtures/pms_projection_seed.sql
--
-- PMS legacy baseline 去 owner 化第二刀：
-- - 本文件是 WMS PMS projection-only baseline seed。
-- - 只允许写 wms_pms_*_projection。
-- - 禁止读取 / 写入旧 PMS owner 表：
--   items / item_uoms / item_sku_codes / item_barcodes /
--   pms_brands / pms_business_categories / item_attribute_* /
--   sku_code_templates / sku_code_template_segments。
--
-- 注意：
-- - base_seed.sql 暂时仍保留 legacy owner seed，第三 / 第四刀再继续收口。
-- - projection baseline 不再从 legacy owner 表 SELECT / JOIN 物化。
-- - 这里的 *_id 使用稳定测试 ID，避免依赖 legacy owner 表自增序列。

-- ===== WMS PMS supplier projection baseline =====
INSERT INTO wms_pms_supplier_projection (
  supplier_id,
  supplier_code,
  supplier_name,
  active,
  website,
  pms_updated_at,
  source_hash,
  sync_version,
  synced_at
)
VALUES
  (1, 'SUP-1', 'UT-SUPPLIER-1', TRUE, NULL, CURRENT_TIMESTAMP, 'test-baseline:supplier:1', 'test-baseline', CURRENT_TIMESTAMP),
  (2, 'SUP-2', 'UT-SUPPLIER-2', TRUE, NULL, CURRENT_TIMESTAMP, 'test-baseline:supplier:2', 'test-baseline', CURRENT_TIMESTAMP),
  (3, 'SUP-3', 'UT-SUPPLIER-3', TRUE, NULL, CURRENT_TIMESTAMP, 'test-baseline:supplier:3', 'test-baseline', CURRENT_TIMESTAMP),
  (4, 'SUP-4', 'UT-SUPPLIER-4', TRUE, NULL, CURRENT_TIMESTAMP, 'test-baseline:supplier:4', 'test-baseline', CURRENT_TIMESTAMP)
ON CONFLICT (supplier_id) DO UPDATE SET
  supplier_code = EXCLUDED.supplier_code,
  supplier_name = EXCLUDED.supplier_name,
  active = EXCLUDED.active,
  website = EXCLUDED.website,
  pms_updated_at = EXCLUDED.pms_updated_at,
  source_hash = EXCLUDED.source_hash,
  sync_version = EXCLUDED.sync_version,
  synced_at = CURRENT_TIMESTAMP;

-- ===== WMS PMS item projection baseline =====
INSERT INTO wms_pms_item_projection (
  item_id,
  sku,
  name,
  spec,
  enabled,
  supplier_id,
  brand,
  category,
  expiry_policy,
  shelf_life_value,
  shelf_life_unit,
  lot_source_policy,
  derivation_allowed,
  uom_governance_enabled,
  pms_updated_at,
  source_hash,
  sync_version,
  synced_at
)
VALUES
  (
    1,
    'SKU-0001',
    'UT-ITEM-1',
    NULL,
    TRUE,
    3,
    'BRAND-A',
    'CATEGORY-A',
    'NONE',
    NULL,
    NULL,
    'SUPPLIER_ONLY',
    TRUE,
    TRUE,
    CURRENT_TIMESTAMP,
    'test-baseline:item:1:SKU-0001',
    'test-baseline',
    CURRENT_TIMESTAMP
  ),
  (
    3001,
    'SKU-3001',
    'SOFT-PICK-1',
    NULL,
    TRUE,
    1,
    'BRAND-A',
    'CATEGORY-A',
    'REQUIRED',
    30,
    'DAY',
    'SUPPLIER_ONLY',
    TRUE,
    TRUE,
    CURRENT_TIMESTAMP,
    'test-baseline:item:3001:SKU-3001',
    'test-baseline',
    CURRENT_TIMESTAMP
  ),
  (
    3002,
    'SKU-3002',
    'SOFT-PICK-2',
    NULL,
    TRUE,
    1,
    'BRAND-A',
    'CATEGORY-A',
    'NONE',
    NULL,
    NULL,
    'SUPPLIER_ONLY',
    TRUE,
    TRUE,
    CURRENT_TIMESTAMP,
    'test-baseline:item:3002:SKU-3002',
    'test-baseline',
    CURRENT_TIMESTAMP
  ),
  (
    3003,
    'SKU-3003',
    'SOFT-PICK-BASE',
    NULL,
    TRUE,
    NULL,
    'BRAND-A',
    'CATEGORY-A',
    'NONE',
    NULL,
    NULL,
    'SUPPLIER_ONLY',
    TRUE,
    TRUE,
    CURRENT_TIMESTAMP,
    'test-baseline:item:3003:SKU-3003',
    'test-baseline',
    CURRENT_TIMESTAMP
  ),
  (
    4001,
    'SKU-4001',
    'OUTBOUND-MERGE',
    NULL,
    TRUE,
    NULL,
    'BRAND-A',
    'CATEGORY-A',
    'NONE',
    NULL,
    NULL,
    'SUPPLIER_ONLY',
    TRUE,
    TRUE,
    CURRENT_TIMESTAMP,
    'test-baseline:item:4001:SKU-4001',
    'test-baseline',
    CURRENT_TIMESTAMP
  ),
  (
    4002,
    'SKU-4002',
    'PURCHASE-BASE-1',
    NULL,
    TRUE,
    1,
    'BRAND-A',
    'CATEGORY-A',
    'NONE',
    NULL,
    NULL,
    'SUPPLIER_ONLY',
    TRUE,
    TRUE,
    CURRENT_TIMESTAMP,
    'test-baseline:item:4002:SKU-4002',
    'test-baseline',
    CURRENT_TIMESTAMP
  )
ON CONFLICT (item_id) DO UPDATE SET
  sku = EXCLUDED.sku,
  name = EXCLUDED.name,
  spec = EXCLUDED.spec,
  enabled = EXCLUDED.enabled,
  supplier_id = EXCLUDED.supplier_id,
  brand = EXCLUDED.brand,
  category = EXCLUDED.category,
  expiry_policy = EXCLUDED.expiry_policy,
  shelf_life_value = EXCLUDED.shelf_life_value,
  shelf_life_unit = EXCLUDED.shelf_life_unit,
  lot_source_policy = EXCLUDED.lot_source_policy,
  derivation_allowed = EXCLUDED.derivation_allowed,
  uom_governance_enabled = EXCLUDED.uom_governance_enabled,
  pms_updated_at = EXCLUDED.pms_updated_at,
  source_hash = EXCLUDED.source_hash,
  sync_version = EXCLUDED.sync_version,
  synced_at = CURRENT_TIMESTAMP;

-- ===== WMS PMS UOM projection baseline =====
INSERT INTO wms_pms_uom_projection (
  item_uom_id,
  item_id,
  uom,
  display_name,
  uom_name,
  ratio_to_base,
  net_weight_kg,
  is_base,
  is_purchase_default,
  is_inbound_default,
  is_outbound_default,
  pms_updated_at,
  source_hash,
  sync_version,
  synced_at
)
VALUES
  (
    1,
    1,
    'PCS',
    'PCS',
    'PCS',
    1,
    NULL,
    TRUE,
    TRUE,
    TRUE,
    TRUE,
    CURRENT_TIMESTAMP,
    'test-baseline:uom:1:1:PCS',
    'test-baseline',
    CURRENT_TIMESTAMP
  ),
  (
    3001,
    3001,
    'PCS',
    'PCS',
    'PCS',
    1,
    NULL,
    TRUE,
    TRUE,
    TRUE,
    TRUE,
    CURRENT_TIMESTAMP,
    'test-baseline:uom:3001:3001:PCS',
    'test-baseline',
    CURRENT_TIMESTAMP
  ),
  (
    3002,
    3002,
    'PCS',
    'PCS',
    'PCS',
    1,
    NULL,
    TRUE,
    TRUE,
    TRUE,
    TRUE,
    CURRENT_TIMESTAMP,
    'test-baseline:uom:3002:3002:PCS',
    'test-baseline',
    CURRENT_TIMESTAMP
  ),
  (
    3003,
    3003,
    'PCS',
    'PCS',
    'PCS',
    1,
    NULL,
    TRUE,
    TRUE,
    TRUE,
    TRUE,
    CURRENT_TIMESTAMP,
    'test-baseline:uom:3003:3003:PCS',
    'test-baseline',
    CURRENT_TIMESTAMP
  ),
  (
    4001,
    4001,
    'PCS',
    'PCS',
    'PCS',
    1,
    NULL,
    TRUE,
    TRUE,
    TRUE,
    TRUE,
    CURRENT_TIMESTAMP,
    'test-baseline:uom:4001:4001:PCS',
    'test-baseline',
    CURRENT_TIMESTAMP
  ),
  (
    4002,
    4002,
    'PCS',
    'PCS',
    'PCS',
    1,
    NULL,
    TRUE,
    TRUE,
    TRUE,
    TRUE,
    CURRENT_TIMESTAMP,
    'test-baseline:uom:4002:4002:PCS',
    'test-baseline',
    CURRENT_TIMESTAMP
  )
ON CONFLICT (item_uom_id) DO UPDATE SET
  item_id = EXCLUDED.item_id,
  uom = EXCLUDED.uom,
  display_name = EXCLUDED.display_name,
  uom_name = EXCLUDED.uom_name,
  ratio_to_base = EXCLUDED.ratio_to_base,
  net_weight_kg = EXCLUDED.net_weight_kg,
  is_base = EXCLUDED.is_base,
  is_purchase_default = EXCLUDED.is_purchase_default,
  is_inbound_default = EXCLUDED.is_inbound_default,
  is_outbound_default = EXCLUDED.is_outbound_default,
  pms_updated_at = EXCLUDED.pms_updated_at,
  source_hash = EXCLUDED.source_hash,
  sync_version = EXCLUDED.sync_version,
  synced_at = CURRENT_TIMESTAMP;

-- ===== WMS PMS SKU code projection baseline =====
INSERT INTO wms_pms_sku_code_projection (
  sku_code_id,
  item_id,
  sku_code,
  code_type,
  is_primary,
  is_active,
  effective_from,
  effective_to,
  pms_updated_at,
  source_hash,
  sync_version,
  synced_at
)
VALUES
  (
    1,
    1,
    'SKU-0001',
    'PRIMARY',
    TRUE,
    TRUE,
    CURRENT_TIMESTAMP,
    NULL,
    CURRENT_TIMESTAMP,
    'test-baseline:sku-code:1:SKU-0001',
    'test-baseline',
    CURRENT_TIMESTAMP
  ),
  (
    3001,
    3001,
    'SKU-3001',
    'PRIMARY',
    TRUE,
    TRUE,
    CURRENT_TIMESTAMP,
    NULL,
    CURRENT_TIMESTAMP,
    'test-baseline:sku-code:3001:SKU-3001',
    'test-baseline',
    CURRENT_TIMESTAMP
  ),
  (
    3002,
    3002,
    'SKU-3002',
    'PRIMARY',
    TRUE,
    TRUE,
    CURRENT_TIMESTAMP,
    NULL,
    CURRENT_TIMESTAMP,
    'test-baseline:sku-code:3002:SKU-3002',
    'test-baseline',
    CURRENT_TIMESTAMP
  ),
  (
    3003,
    3003,
    'SKU-3003',
    'PRIMARY',
    TRUE,
    TRUE,
    CURRENT_TIMESTAMP,
    NULL,
    CURRENT_TIMESTAMP,
    'test-baseline:sku-code:3003:SKU-3003',
    'test-baseline',
    CURRENT_TIMESTAMP
  ),
  (
    4001,
    4001,
    'SKU-4001',
    'PRIMARY',
    TRUE,
    TRUE,
    CURRENT_TIMESTAMP,
    NULL,
    CURRENT_TIMESTAMP,
    'test-baseline:sku-code:4001:SKU-4001',
    'test-baseline',
    CURRENT_TIMESTAMP
  ),
  (
    4002,
    4002,
    'SKU-4002',
    'PRIMARY',
    TRUE,
    TRUE,
    CURRENT_TIMESTAMP,
    NULL,
    CURRENT_TIMESTAMP,
    'test-baseline:sku-code:4002:SKU-4002',
    'test-baseline',
    CURRENT_TIMESTAMP
  )
ON CONFLICT (sku_code_id) DO UPDATE SET
  item_id = EXCLUDED.item_id,
  sku_code = EXCLUDED.sku_code,
  code_type = EXCLUDED.code_type,
  is_primary = EXCLUDED.is_primary,
  is_active = EXCLUDED.is_active,
  effective_from = EXCLUDED.effective_from,
  effective_to = EXCLUDED.effective_to,
  pms_updated_at = EXCLUDED.pms_updated_at,
  source_hash = EXCLUDED.source_hash,
  sync_version = EXCLUDED.sync_version,
  synced_at = CURRENT_TIMESTAMP;

-- ===== WMS PMS barcode projection baseline =====
INSERT INTO wms_pms_barcode_projection (
  barcode_id,
  item_id,
  item_uom_id,
  barcode,
  symbology,
  active,
  is_primary,
  pms_updated_at,
  source_hash,
  sync_version,
  synced_at
)
VALUES
  (
    1,
    1,
    1,
    'AUTO-BC-1',
    'CUSTOM',
    TRUE,
    TRUE,
    CURRENT_TIMESTAMP,
    'test-baseline:barcode:1:AUTO-BC-1',
    'test-baseline',
    CURRENT_TIMESTAMP
  ),
  (
    3001,
    3001,
    3001,
    'AUTO-BC-3001',
    'CUSTOM',
    TRUE,
    TRUE,
    CURRENT_TIMESTAMP,
    'test-baseline:barcode:3001:AUTO-BC-3001',
    'test-baseline',
    CURRENT_TIMESTAMP
  ),
  (
    3002,
    3002,
    3002,
    'AUTO-BC-3002',
    'CUSTOM',
    TRUE,
    TRUE,
    CURRENT_TIMESTAMP,
    'test-baseline:barcode:3002:AUTO-BC-3002',
    'test-baseline',
    CURRENT_TIMESTAMP
  ),
  (
    3003,
    3003,
    3003,
    'AUTO-BC-3003',
    'CUSTOM',
    TRUE,
    TRUE,
    CURRENT_TIMESTAMP,
    'test-baseline:barcode:3003:AUTO-BC-3003',
    'test-baseline',
    CURRENT_TIMESTAMP
  ),
  (
    4001,
    4001,
    4001,
    'AUTO-BC-4001',
    'CUSTOM',
    TRUE,
    TRUE,
    CURRENT_TIMESTAMP,
    'test-baseline:barcode:4001:AUTO-BC-4001',
    'test-baseline',
    CURRENT_TIMESTAMP
  ),
  (
    4002,
    4002,
    4002,
    'AUTO-BC-4002',
    'CUSTOM',
    TRUE,
    TRUE,
    CURRENT_TIMESTAMP,
    'test-baseline:barcode:4002:AUTO-BC-4002',
    'test-baseline',
    CURRENT_TIMESTAMP
  )
ON CONFLICT (barcode_id) DO UPDATE SET
  item_id = EXCLUDED.item_id,
  item_uom_id = EXCLUDED.item_uom_id,
  barcode = EXCLUDED.barcode,
  symbology = EXCLUDED.symbology,
  active = EXCLUDED.active,
  is_primary = EXCLUDED.is_primary,
  pms_updated_at = EXCLUDED.pms_updated_at,
  source_hash = EXCLUDED.source_hash,
  sync_version = EXCLUDED.sync_version,
  synced_at = CURRENT_TIMESTAMP;
